doc_id,title,year,source,specialty,parent_doc_id,text
doc-001_c0,Hypertension in Diabetes: Initial Pharmacotherapy,2021,Guideline Digest,cardiology,doc-001,"Adults with diabetes and stage 1 hypertension are commonly started on ACE inhibitors or ARBs due to blood pressure control and kidney protection benefits. Lifestyle interventions remain foundational, including sodium reduction and exercise."
doc-002_c0,Atrial Fibrillation and Stroke Prevention,2020,Practice Update,cardiology,doc-002,"For non-valvular atrial fibrillation, anticoagulation is recommended based on CHA2DS2-VASc risk. Direct oral anticoagulants are generally preferred when not contraindicated because they reduce stroke risk and have practical dosing advantages."
doc-003_c0,Adult Major Depressive Disorder Management,2019,Psychiatry Review,psychiatry,doc-003,"First-line pharmacotherapy for many adults with major depressive disorder includes SSRIs due to efficacy and tolerability. Treatment selection should also consider patient preference, comorbidity, and prior response."
doc-004_c0,Type 2 Diabetes Lifestyle and Medication Overview,2022,Endocrine Notes,endocrinology,doc-004,"Initial management includes nutrition optimization, physical activity, and metformin in many patients unless contraindicated. Glycemic targets and therapy escalation are individualized using comorbid conditions and risk profile."
doc-005_c0,Community-Acquired Pneumonia in Adults,2018,Infectious Disease Brief,infectious disease,doc-005,Outpatient treatment for uncomplicated community-acquired pneumonia may include guideline-recommended oral antibiotics with follow-up for worsening symptoms. Local resistance patterns and patient risk factors influence regimen choice.
pmid-41970616_c0,Bleeding and Recurrence in Patients with Venous Thromboembolism with Changing Anticoagulant Treatment Patterns: Findings from the TROLL Registry.,2026,TH open : companion journal to thrombosis and haemostasis,general,pmid-41970616,"Treatment for venous thromboembolism (VTE) has shifted from vitamin K antagonists (VKAs) to direct oral anticoagulants (DOACs), with increased use of indefinite therapy. However, data on bleeding and recurrence outcomes associated with these changes remain limited. To evaluate the risk of major bleeding (MB), clinically relevant nonmajor bleeding (CRNMB), and recurrence with changing treatment patterns. Cancer-free VTE patients were identified in the Venous Thrombosis Registry in Østfold Hospital, Norway, from January 2005 to May 2020, and categorized into period 1 (2005-2012), period 2 (2013-2016), and period 3 (2017-2020). MB and CRNMB rates during anticoagulant treatment, and recurrence rates after anticoagulant discontinuation were assessed. Subhazard ratios (sHRs) were calculated using Fine-Gray analysis for time-period comparisons. Among 3,839 patients (48% female, median age: 67 years; IQR, 54-78), VKA use decreased from 76% in period 1 to 2% in period 3, while DOAC use increased from 1 to 85%. The MB rate ranged from 5.6 (95% confidence interval [CI]: 3.9-6.4) per 100 person-years in period 2 to 3.1 (2.3-4.2) in period 3. The CRNMB rate increased from 5.4 (95% CI: 4.3-6.9) per 100 person-years in period 1 to 7.7 (6.3-9.5) in period 3, sHR: 1.87 (1.36-2.56). Conversely, the recurrence rate decreased from 5.1 (95% CI: 4.6-5.6) per 100 person-years after anticoagulant discontinuation in period 1 to 3.9 (3.2-4.9) in period 3, sHR: 0.51 (0.41-0.65). VTE recurrences after anticoagulant discontinuation have declined, likely due to indefinite treatment in patients at high risk of recurrence, while CRNMB rates have increased over time."
pmid-41970378_c0,Phenotype-informed management of preoperative asymptomatic isolated muscular calf vein thrombosis in patients undergoing primary total knee arthroplasty under standardized thromboprophylaxis: a retrospective cohort study.,2026,Frontiers in medicine,general,pmid-41970378,"Limited evidence exists regarding the management of preoperative screen-detected (by duplex ultrasonography) asymptomatic isolated muscular calf vein thrombosis (MCVT) before total knee arthroplasty (TKA). We evaluated the outcomes when TKA was performed as scheduled, without preoperative therapeutic-dose anticoagulation, using a standardized thromboprophylaxis and enhanced recovery after surgery (ERAS) pathway. Consecutive adults undergoing primary unilateral TKA from 2019 to 2023 received bilateral duplex ultrasonography within 5 days before surgery. The MCVT group comprised patients with asymptomatic isolated gastrocnemius or soleal vein thrombosis, with no involvement of axial deep calf veins or the popliteal vein; the control group had no thrombosis. All patients received a standardized pharmacological prophylaxis regimen (enoxaparin in-hospital followed by rivaroxaban after discharge, total duration 14 days), along with mechanical prophylaxis and early mobilization. The primary outcome was symptomatic venous thromboembolism (VTE) within 90 days. Secondary outcomes included duplex ultrasonography findings on postoperative day 5, bleeding events [defined by International Society on Thrombosis and Hemostasis (ISTH) criteria], Knee Society Score (KSS) at 90 days, and length of stay. Among 454 patients included, 44 (9.7%) had an isolated preoperative MCVT. No patients in either group developed symptomatic VTE or pulmonary embolism (0/44 vs. 0/410, 95% CI 0.0%-8.0% and 0.0%-0.9%). Routine duplex ultrasonography on postoperative day 5 showed no thrombus progression or new deep vein thrombosis (DVT) in either group. No ISTH-defined major bleeding or clinically relevant non-major bleeding (CRNMB) occurred. KSS outcomes and length of stay were similar between groups (all P > 0.05). Under a protocolized ERAS pathway with combined mechanical prophylaxis and standard chemoprophylaxis, we observed no clinically evident thrombotic or bleeding events within 90 days in patients with asymptomatic isolated preoperative MCVT who proceeded to TKA without delay or preoperative therapeutic-dose anticoagulation. These findings are descriptive and hypothesis-generating and cannot exclude rare but clinically important differences; prospective multicenter studies are needed to quantify rare events and clarify generalizability across thrombus profiles and prophylaxis regimens."
pmid-41969543_c0,Recurrent venous thromboembolism: association with thrombin generation and d-dimer.,2026,Research and practice in thrombosis and haemostasis,general,pmid-41969543,"In patients with a first event of venous thromboembolism (VTE) clinicians must decide when to stop anticoagulation, evaluating the risk of recurrent thrombosis. The aim of this study was to evaluate the association between recurrent VTE and d-dimer and thrombin generation. Analyses were performed in 1895 individuals of the Multiple Environmental and Genetic Assessment of Risk Factors for Venous Thrombosis (MEGA) case-control study, followed up for recurrent VTE. The cumulative incidence of recurrent VTE, incidence rates, and hazard ratios were estimated by Cox proportional hazard regression models, to obtain rates and risks of VTE for different levels of d-dimer and thrombin generation. Three classes of risk of recurrent VTE were shown: low risk for patients with low d-dimer and thrombin generation (incidence rate, 1.20/100 patient years; 95% confidence interval [CI], 0.75-1.62), intermediate risk for patients with either high d-dimer and low thrombin generation (2.31; 95% CI, 1.97-2.66) or low d-dimer and high thrombin generation (2.89; 95% CI, 0.06-5.73), and high risk for patients with high d-dimer and thrombin generation (4.70; 95% CI, 3.31-6.09).In the subgroup of patients with unprovoked VTE (n = 539), the 3 levels of risk of recurrent VTE were confirmed: low risk in patients with low d-dimer and thrombin generation (incidence rates per 100 patient years, 1.36; 95% CI, 0.42-2.30); intermediate risk in patients with high d-dimer (3.89; 95% CI, 3.07-4.70) and high risk in patients with high d-dimer and thrombin generation (9.80; 95% CI, 5.28-14.33). The combination of these 2 tests allows identification of patients with high risk of recurrent VTE who could benefit from long-term anticoagulation."
pmid-41969117_c0,Multiple-site venous thromboembolism in acute toxoplasmosis: report of two cases.,2026,The new microbiologica,general,pmid-41969117,"Venous thrombosis triggered by infection (immunothrombosis) is increasingly recognized during viral infections, but it can also occur in bacterial and parasitic infections. Reports of systemic thromboembolism during acute toxoplasmosis are exceptional, usually linked to pre-existing risk factors. We describe two adults with multisite venous thrombosis later diagnosed with primary Toxoplasma gondii infection. The first case was a healthy adult with fever and pulmonary embolism and splanchnic thrombosis. Serology indicated a primary T. gondii infection, and T. gondii DNA was detected in a lymph node showing Piringer-Kuchinka lymphadenitis. The second case involved an immunocompromised adult with fever, seizures, cerebral infarction, cerebral venous sinus and jugular thrombosis, and splanchnic thrombosis. T. gondii serology confirmed recent infection, and Toxoplasma DNA was retrieved in blood. Anticoagulation therapy was administered to both, with specific treatment initiated in the second case due to multi-organ involvement and an impaired immune state. Our findings provide new insights into the association between venous thromboembolism and acute toxoplasmosis and support adding T. gondii testing for febrile patients with unexplained venous thrombosis."
pmid-41967669_c0,Endovascular Intervention Reduces Thrombosis Risk in Retrievable Inferior Vena Cava Filters: A Multicenter Propensity-Matched Analysis.,2026,Annals of vascular surgery,general,pmid-41967669,"Current guidelines recommend retrievable inferior vena cava filters (RIVCF) placement prior to endovascular intervention (EI) for deep vein thrombosis (DVT), yet the impact of EI on RIVCF-related thrombosis/trapped embolus (T/TE) remains controversial. In this prospective registry-based study (ChiCTR1800014252), 2,773 patients undergoing RIVCF placement across 103 Chinese centers (2018-2019) were stratified into EI (n=1,472) and no-EI (n=1,301) groups. Propensity-score matching (1:1) balanced 23 baseline variables (e.g., DVT acuity, anticoagulation). The primary endpoint was RIVCF T/TE (defined as IVC obstruction or thrombus >5 cm above the filter), validated by core-lab adjudicated imaging (CT/angiography). All treating physicians from the 103 participating centers received unified standardized training on the clinical selection criteria for EI and non-EI therapy prior to the study initiation, ensuring consistent inter-center decision-making. The selection of therapeutic modalities was further based on individualized clinical characteristics, including the anatomical location of DVT, thrombus burden, presence of procedural contraindications, and patient's informed consent after full risk-benefit explanation. After matching (n=1,007 per group), EI was associated with a 46% lower risk of RIVCF T/TE (8.9% vs. 14.0%, P<0.001; OR=0.54, 95%CI:0.41-0.71). Symptomatic pulmonary embolism (PE) rates were comparable (1.2% vs. 2.8%, P=0.07). No brand-specific differences in T/TE incidence were observed (P=0.32). This study challenges the necessity of routine RIVCF placement before EI, demonstrating that EI itself reduces thrombosis risk. These findings advocate for selective filter use, potentially sparing patients from device-related complications."
pmid-41966549_c0,"Thrombosis after surgical splenectomy - why, in whom and can we prevent it?",2026,Thrombosis research,general,pmid-41966549,"Splenectomy remains a common operation performed in the setting of trauma, haematological disease, malignancy and diagnostic purposes. Contemporary evidence indicates an increased risk of thromboembolism after splenectomy. This includes both systemic venous thromboembolism (deep vein thrombosis and pulmonary embolism) and splanchnic thrombosis involving the portal-splenic-mesenteric axis. Comparator-based population studies demonstrate a pronounced early postoperative risk and disease-matched cohorts suggest that risk can persist beyond the immediate perioperative period. This suggests a durable post-splenectomy prothrombotic phenotype. Mechanistically, this phenotype may reflect the loss of splenic functions that are intrinsically antithrombotic, including clearance of procoagulant cellular substrates and microparticles, sequestration and regulation of platelet mass, modulation of portal haemodynamics, and facilitation of thrombus remodelling and resolution. Splenectomy as a risk factor is over-represented among patients with chronic thromboembolic pulmonary hypertension (CTEPH) with evidence for biological links between thrombotic risk and impaired thrombus resolution. Anticoagulation strategies in splenectomised patients remain heterogeneous and evidence for its use is largely based on observational studies. Most guidance supports routine perioperative pharmacologic thromboprophylaxis and consideration of extended prophylaxis in selected cases. When post-splenectomy thrombosis occurs, therapeutic anticoagulation is the mainstay for the first three to six months. Extended therapy is reserved for persistent risk factors and those who develop CTEPH."
pmid-41965772_c0,From hemoptysis to thrombosis: a comprehensive case study of catastrophic antiphospholipid syndrome in a young female.,2026,Journal of cardiothoracic surgery,general,pmid-41965772,"Catastrophic antiphospholipid syndrome (CAPS) is a rare, fulminant variant of antiphospholipid syndrome characterized by rapid, multi-organ thrombosis and high mortality. Early recognition and aggressive, multidisciplinary treatment are essential. We report an unusual case of large-vessel thrombosis extending from the superior vena cava (SVC) into the right atrium (RA) in a previously healthy young woman, highlighting the diagnostic challenges and management of the refractory disease. A 20-year-old woman with no comorbidities presented with hemoptysis, chest pain, dyspnea, and systemic symptoms including weight loss and night sweats. Work-up demonstrated persistently positive lupus anticoagulant and high anticardiolipin antibodies, consistent with antiphospholipid syndrome. Despite anticoagulation, thrombosis rapidly progressed with SVC thrombosis extending into the RA, subsegmental pulmonary embolism (PE), and acute upper-limb deep venous thrombosis (DVT). Given multi-organ involvement with acute evolution, a diagnosis of probable CAPS was made. Management included pulse methylprednisolone, plasmapheresis, and therapeutic anticoagulation; rituximab was administered for refractory disease after infectious screening was negative. The patient improved clinically with stabilization of thrombotic events and normalization of platelet count. This case provides key learning points, underscoring the heterogeneity and aggressiveness of CAPS, the importance of systematic exclusion of mimics when histopathology is not feasible, and the value of early ""triple therapy"" with escalation (e.g., rituximab) in refractory presentations. Large-vessel with cardiac extension (SVC→RA) in CAPS is uncommon and warrants heightened suspicion, even in young patients without conventional risk factors."
pmid-41954539_c0,Multifactorial Hypercoagulability Causing Simultaneous STEMI and Pulmonary Embolism in Young Adults With Prothrombin G20210A Mutation.,2026,JACC. Case reports,general,pmid-41954539,"The simultaneous occurrence of ST-segment elevation myocardial infarction and pulmonary embolism is rare, especially in young individuals without known cardiovascular disease. Both presentations imply an underlying hypercoagulable state or paradoxical embolism. A 27-year-old man experienced cardiac arrest during exercise and was diagnosed with both ST-segment elevation myocardial infarction and pulmonary embolism. Tests revealed thrombotic occlusion of the left posterior descending artery, lower extremity deep venous thrombosis, pulmonary arteriovenous malformation, and heterozygous prothrombin gene mutation. He was treated with mechanical thrombectomy and anticoagulation. This case demonstrates simultaneous arterial and venous thrombosis, likely from inherited hypercoagulability amplified by dehydration, alcohol, tobacco, and trauma, though paradoxical embolism cannot be entirely excluded. Comprehensive thrombophilia evaluation and systemic shunt exclusion are essential in young patients with concurrent arterial and venous thrombosis."
pmid-41949808_c0,Assessment Of Novel Platform Of Thrombin Generation To Predict Venous Thromboembolism Early After Traumatic Injury: A Prospective Cohort Study.,2026,"Shock (Augusta, Ga.)",general,pmid-41949808,"Calibrated automated thrombography (CAT) assay parameters have been shown to assess hypercoagulation state and, therefore, may independently predict post-trauma, symptomatic venous thromboembolism (VTE). Yet, CAT lacks high throughput and standardization, limiting diagnostic potential. This study analyzed thrombin generation profiles in trauma patients using a high throughput assay, processing up to 10 samples at once, providing batch testing capabilities. We hypothesized that trauma patients who developed VTE would show distinct thrombin generation profiles compared to those who did not. Trauma patients presenting to a Level I Trauma Center had samples collected within 12 hours post-injury prospectively. Follow-up was conducted to 90 days, time to symptomatic VTE diagnosis or death, confirmed via autopsy or imaging. Thrombin generation profiles were measured from the ST Genesia assay. Data was presented as median [IQR] or n (%), with Wilcoxon rank-sum or chi-squared test. Associations between thrombin generation parameters and clinical risk factors were assessed using Spearman correlation analysis or the Wilcoxon rank-sum test. Two-hundred and fifty-four trauma patients were analyzed (48.5 years [31.0, 62.0], 72.0% male): 64 patients with VTE (25.2%) to 190 with non-VTE. VTE pts had a median time to VTE of 8 days, with 29 developing deep venous thrombosis (DVT), 24 with pulmonary embolism (PE), and 11 with DVT/PEs. No significant differences were found in age, sex, or Body Mass Index (BMI); significantly more VTE patients underwent surgery and blood transfusions within 24 hours. Thrombin generation profiles demonstrated accelerated thrombin generation in patients who developed VTE compared to non-VTE, with significant differences in Peak Height (p=0.001), Time to Peak (p=0.021), Endogenous Thrombin Potential (p<0.001) and Velocity Index (p=0.001). Thrombin generation profiles using ST Genesia can differentiate trauma patients at high risk of developing VTE. The platform suits clinical labs needing high throughput by providing batch testing capabilities.Study Type: Prospective study with less than large effect and no negative criteria.Level of Evidence: II."
pmid-41961036_c0,Postinfarction Ventricular Septal Defect Despite Preserved Left Ventricular Function: Management Challenges and Procedural Complications.,2026,JACC. Case reports,general,pmid-41961036,"Post-myocardial infarction ventricular septal defect (PMIVSD) remains a lethal complication despite modern reperfusion. In patients with preserved or mildly reduced ejection fraction, higher shear across residual jets may increase the risk of device instability and hemolysis after transcatheter closure. A 48-year-old man presented with PMIVSD 15 days after chest pain. Echocardiography showed a left ventricular ejection fraction of 50% and a 13-mm apicoseptal defect. Surgery was advised but was declined. Percutaneous closure with an 18-mm muscular ventricular septal defect occluder via an arteriovenous loop was performed; however the device embolized to the right ventricular apex hours later. It was retrieved using a snared guidewire loop, and a 28-mm septal occluder was implanted. Severe intravascular hemolysis due to residual shunt developed, and despite intensive supportive therapy the patient died from septic shock. Surgery remains the preferred treatment for PMIVSD. In patients with preserved or mildly reduced ejection fraction, hyperdynamic ventricular mechanics and high left ventricular-right ventricular gradients increase risks of device embolization, residual shunt, and hemolysis after transcatheter closure. Surgical repair for PMIVSD should be prioritized when feasible; if transcatheter closure is pursued, stabilization, delayed timing, and careful device sizing are essential."
pmid-41959953_c0,Acute ST-Elevation Myocardial Infarction Complicating Infective Endocarditis: A Case Report and Review of Reported Outcomes After Revascularization.,2026,Cureus,general,pmid-41959953,"Acute myocardial infarction in the context of infective endocarditis is a dreadful complication. Various mechanisms have been proposed to explain this complication; embolization of fragments of valvular vegetations into the coronary tree is one possible mechanism. Early mortality with this complication is reportedly high. Moreover, outcomes after treatment, either with percutaneous or surgical intervention, are not well-described in the literature. We report a case of acute ST-elevation myocardial infarction complicating bacterial native aortic valve endocarditis. Despite aspiration of infective debris and stent implantation in the left anterior descending coronary artery, the patient died from cardiogenic and septic shock. We also summarize the literature reporting outcomes of such patients undergoing percutaneous coronary intervention and comparing them to the outcomes of patients undergoing surgical revascularization."
pmid-41945558_c0,Associations between preoperative hypoalbuminemia and clinical outcomes following total hip or knee arthroplasty: a systematic review and meta-analysis.,2026,EFORT open reviews,general,pmid-41945558,"Preoperative hypoalbuminemia is common in patients undergoing total hip or knee arthroplasty (THA/TKA). While it has been linked with poorer postoperative outcomes, there remains a paucity of systematic reviews or meta-analyses dedicated to conducting a comprehensive evaluation of this issue. A comprehensive search was conducted across the PubMed, Embase, and Web of Science databases. Studies were selected and analyzed in adherence to the Meta-analysis of Observational Studies in Epidemiology (MOOSE) guidelines, and the quality of the evidence was evaluated using the Grading of Recommendations Assessment, Development, and Evaluation (GRADE) framework. Data were extracted and subjected to meta-analysis or qualitative synthesis for outcomes. This meta-analysis was registered in the PROSPERO database (NO. CRD42024581376). Fourteen studies involving 1,194,088 patients were included. Meta-analyses showed that preoperative hypoalbuminemia was associated with a greater risk of all-cause complications (OR: 2.89, 95% CI: 1.94-4.31), sepsis (OR: 2.54, 95% CI: 1.88-3.45), septic shock (OR: 3.44, 95% CI: 1.15-10.25), pneumonia (OR: 3.83, 95% CI: 3.14-4.67), urinary tract infection (OR: 1.59, 95% CI: 1.13-2.23), myocardial infarction (OR: 2.10, 95% CI: 1.47-2.98), superficial incisional infection (OR: 2.16, 95% CI: 1.56-3.00), periprosthetic joint infection (OR: 4.03, 95% CI: 2.15-7.53), wound dehiscence (OR: 1.68, 95% CI: 1.06-2.69), transfusion (OR: 1.84, 95% CI: 1.72-1.98), unplanned reoperation (OR: 1.60, 95% CI: 1.38-1.87), and mortality (OR: 7.14, 95% CI: 5.44-9.37). Preoperative hypoalbuminemia is associated with an increased risk of numerous types of complications, transfusion, unplanned reoperation, and mortality after THA or TKA. Therefore, presurgical protocols formulated to deal with these unfavorable clinical outcomes may pay particular attention to this specific patient group."
pmid-41929443_c0,Septic coronary embolism presenting as anterior STEMI: a stentless PCI strategy guided by clinical inconsistency and pathological confirmation-case report.,2026,European heart journal. Case reports,general,pmid-41929443,"Septic coronary embolism is an uncommon cause of acute myocardial infarction and may mimic atherosclerotic occlusion. Early distinction between these mechanisms is essential because routine stent implantation may be hazardous in bacteremic conditions. A 48-year-old man presented with an anterior ST-segment elevation myocardial infarction with high fever. Coronary angiography revealed abrupt mid-left anterior descending artery occlusion with a smooth vessel contour (Figure 1). Intravascular ultrasound showed a large intraluminal thrombus without underlying plaque (Figure 2). Because these findings were inconsistent with plaque rupture, stent implantation was intentionally avoided. Pathological analysis of the aspirated thrombus demonstrated bacterial colonies (Figure 3), confirming septic coronary embolism due to methicillin-sensitive Staphylococcus aureus infective endocarditis. The patient subsequently developed acute severe aortic regurgitation secondary to left coronary cusp perforation on transesophageal echocardiography (Figures 4 and 5) and underwent urgent aortic valve replacement."
pmid-41908597_c0,Sepsis Caused by Clostridium Perfringens in an Elderly Female Patient with Breast Cancer: A Case Report.,2026,Infection and drug resistance,general,pmid-41908597,"To report a rare case of a breast cancer patient who developed septic shock and multiple organ injury. It analyzes the clinical characteristics, pathogenic factors, and prognosis associated with a mixed infection caused by Clostridium perfringens and Escherichia coli, aiming to provide a reference for the early identification and intervention of similar clinical cases. A retrospective analysis was conducted on the clinical data of a 75-year-old female patient with breast cancer, who also had a history of hypertension and diabetes. The clinical manifestations, results of etiological tests, treatment regimen, and patient outcomes were summarized, along with an analysis based on existing literature. The patient was admitted due to nausea, vomiting, abdominal pain, diarrhea, fever, and loss of consciousness, accompanied by acute myocardial infarction and progressively worsening shock. A diagnosis of septic shock and multiple organ injury was established. Etiological tests confirmed an infection with Clostridium perfringens type A carrying the plc(α) toxin gene, as well as Escherichia coli. Despite receiving anti-infective treatment with meropenem, the patient succumbed to multiple organ failure, including heart failure, within less than four days. This case represents the third documented instance of breast cancer patients complicated by Clostridium perfringens bacteremia in the medical literature. Based on clinical manifestations, the source of infection was presumed to be gastrointestinal, with a potential predisposing factor related to the patient's consumption of watermelon on that had been left unrefrigerated for over 24 hours. Although bloodstream infections caused by Clostridium perfringens are relatively rare, accounting for only about 0.017% of all bloodstream infections, the mortality rate can be as high as 70% to 100% in immunocompromised patients and those with malignant tumors. When immunocompromised patients with a history of malignant tumors present with infectious symptoms such as fever, myocardial injury, and hemolysis, the potential for infection by virulent anaerobes, such as Clostridium perfringens, should be considered. Early identification and targeted intervention are crucial for improving the prognosis of these patients."
pmid-41884793_c0,Chronic pulmonary aspergillosis and pulmonary embolism/venous thromboembolism: a case series and systematic review of the literature.,2026,Therapeutic advances in infectious disease,general,pmid-41884793,"Chronic pulmonary aspergillosis (CPA) often arises in the setting of structural lung damage and is associated with chronic inflammation, which increases the risk of venous thromboembolic disease (VTE), including pulmonary embolism (PE). However, the clinical context and pathophysiological mechanisms underlying CPA/VTE remain poorly defined. This study aims to highlight the clinical challenges through a case series and systematic review of existing literature regarding this rare co-occurrence. We present three complex cases from Kiruddu National Referral Hospital in Uganda: two males, one female, aged 44-80 years, with post-tuberculosis lung disease. All three were diagnosed with Aspergillus IgG-positive CPA and confirmed PE (two acute, one with chronic thromboembolic pulmonary hypertension (CTEPH)). One presented with concurrent active tuberculosis (TB) relapse and severe immunosuppression (CD4 T-cells < 200 cells/mm3), and two had HIV. All patients received itraconazole and anticoagulation with rivaroxaban. Two patients survived and are stable on therapy, while one patient died due to septic shock. A systematic search of PubMed, Embase, Scopus, and Web of Science yielded seven studies reporting nine patients with coexisting CPA and VTE/PE. Underlying conditions most frequently included prior TB (n = 3) and chronic obstructive pulmonary disease (n = 3). PE was chronic in three patients (including one with CTEPH), with CPA subtypes ranging from simple aspergilloma to subacute invasive aspergillosis and angioinvasive aspergillosis. Proposed mechanisms included endothelial damage due to Aspergillus angioinvasion and creation of post-PE lung cavities/infarcts suitable for Aspergillus colonization. Anticoagulation was used in six cases, but was complicated by hemoptysis in three. Two-thirds of patients improved with antifungal therapy, while three deaths were reported. CPA may coexist with PE/DVT due to fungal angioinvasion, chronic inflammation, or immobilization from advanced lung disease. Management requires individualized balancing of antifungal and anticoagulation therapy, with heightened vigilance for bleeding. Chronic lung aspergillosis and blood clots in the lungs: a case series and review of published reports Chronic pulmonary aspergillosis (CPA) is a long-term lung infection caused by Aspergillus fungus, usually affecting people whose lungs have been damaged by conditions such as tuberculosis (TB). Because CPA causes ongoing inflammation, it may increase the risk of blood clots in the lungs and legs—known as venous thromboembolism (VTE), including pulmonary embolism (PE). However, this combination is uncommon and not well understood. In this study, we describe three patients from Kiruddu National Referral Hospital in Uganda who had both CPA and PE. The patients were between 44 and 80 years old, all with previous TB-related lung damage. All tested positive for Aspergillus IgG, confirming CPA, and also had PE—two acute cases and one long-standing case that had progressed to chronic thromboembolic pulmonary hypertension (CTEPH). Two of the three patients were living with HIV, and one had a TB relapse with severe"
pmid-41884793_c1,Chronic pulmonary aspergillosis and pulmonary embolism/venous thromboembolism: a case series and systematic review of the literature.,2026,Therapeutic advances in infectious disease,general,pmid-41884793,"describe three patients from Kiruddu National Referral Hospital in Uganda who had both CPA and PE. The patients were between 44 and 80 years old, all with previous TB-related lung damage. All tested positive for Aspergillus IgG, confirming CPA, and also had PE—two acute cases and one long-standing case that had progressed to chronic thromboembolic pulmonary hypertension (CTEPH). Two of the three patients were living with HIV, and one had a TB relapse with severe immune suppression. All three received antifungal treatment (itraconazole) and blood-thinning medication (rivaroxaban). Two patients recovered well, while one died from septic shock. We also reviewed published studies on this rare combination. Across seven studies, only nine similar cases were found worldwide. The most common underlying lung problems were previous TB and chronic obstructive pulmonary disease (COPD). Some patients had chronic PE, and others had different forms of CPA—from simple cavities to more invasive fungal disease. Researchers suggested two possible explanations: 1. Aspergillus may directly damage blood vessels, increasing clot risk. 2. Lung cavities or infarcts caused by PE may create environments where Aspergillus can grow. Treating both conditions together is challenging. Blood thinners can cause bleeding, especially coughing up blood, which occurred in several cases. Still, most patients improved with antifungal treatment. Overall, CPA and PE can occur together and require careful, individualized management."
pmid-41876992_c0,"Dual Infection with dengue virus and infective endocarditis leading to brain abscess, multiorgan infarctions, and horner syndrome: a case report with literature review.",2026,BMC cardiovascular disorders,general,pmid-41876992,"This case report describes the rare occurrence of co-infection with dengue fever followed by infective endocarditis in a young patient from an endemic area. This infection led to multiple complications, including multiorgan infarctions involving the brain, kidneys, liver, and spleen; septic emboli; brain abscess; and horner's syndrome. The clinical course, diagnostic challenges, and management are discussed, along with a brief review of the literature addressing the relationship between dengue-related immunosuppression and secondary bacterial infections, which can lead to infective endocarditis and septic emboli, resulting in multiorgan infarctions. A 17-year-old previously healthy male presented one month after confirmed dengue infection with persistent fever and progressive neurological deterioration. Neuroimaging revealed multiple cerebral infarctions, including hemorrhagic and ischemic events, complicated by a brain abscess. Abdominal imaging demonstrated wedge-shaped infarctions in the kidneys, liver, and spleen, consistent with systemic septic embolization. Echocardiography identified a mobile mitral valve vegetation, establishing the diagnosis of infective endocarditis. Laboratory investigations showed elevated inflammatory markers and positive dengue IgM serology. The patient was managed with prolonged intravenous antibiotic therapy and supportive multidisciplinary care, resulting in radiological and clinical improvement. Dengue fever-associated immune dysregulation may predispose patients to secondary bacterial infections, including infective endocarditis. Septic embolization is a well-known complication of IE, but the extent of multiorgan involvement seen in this case is uncommon. Brain abscess secondary to IE is also rare and requires multidisciplinary management."
pmid-41852517_c0,In Vivo Emergence of Oxacillin Resistance in mecA-Negative MSSA Endocarditis With Metastatic Infection.,2026,Clinical case reports,general,pmid-41852517,"Staphylococcus aureus bacteremia (SAB) is particularly challenging when complicated by infective endocarditis (IE), metastatic spread, or evolving antimicrobial resistance. We describe a 76-year-old woman with poorly-controlled diabetes who presented with bilateral knee septic arthritis and persistent methicillin-sensitive S. aureus (MSSA) bacteremia complicated by in vivo emergence of oxacillin resistance despite a mecA-negative genotype. Her clinical course was marked by an aortomitral intervalvular fibrosa abscess, vertebral osteomyelitis with epidural extension, a psoas abscess, and septic renal infarctions. She experienced breakthrough bacteremia despite initial clearance on oxacillin. Surgery was delayed due to intracranial hemorrhage but was ultimately enabled by middle meningeal artery embolization (MMAE). This case highlights the rare emergence of phenotypic oxacillin resistance in mecA-negative MSSA during therapy and illustrates the role of MMAE in facilitating time-sensitive cardiac surgery in the setting of recent intracranial bleeding. It underscores the importance of dynamic diagnostic reassessment, serial susceptibility testing, and multidisciplinary coordination in complicated SAB."
pmid-41836947_c0,Evaluation of the real-world safety of eptifibatide in the treatment of ARDS: results of a disproportionality analysis of FAERS data.,2026,Frontiers in medicine,general,pmid-41836947,"Acute respiratory distress syndrome (ARDS) is a clinical syndrome with an extremely high mortality rate, and antiplatelet therapy is an important treatment approach. Eptifibatide, a glycoprotein IIb/IIIa receptor inhibitor (GPI), is primarily used to treat acute coronary syndrome (ACS) and non-venous thromboembolic pulmonary embolism, as well as for antiplatelet therapy in conditions such as ARDS and septic shock. With its increasing clinical application, understanding its safety profile in real-world settings is essential. This study evaluated the clinical safety of Eptifibatide by analyzing all adverse event (AEs) reports in the FDA Adverse Event Reporting System (FAERS) where Eptifibatide was listed as the primary suspected drug since 2004. Analytical methods included the Bayesian Confidence Propagation Neural Network (BCPNN), the UK Medicines and Healthcare Products Regulatory Agency (MHRA) comprehensive standard method, the Multi-item Gamma Poisson Shrinker (MGPS), the Proportional Reporting Ratio (PRR), and the Reporting Odds Ratio (ROR). The study confirmed known adverse reactions of Eptifibatide, such as bleeding, intracranial hemorrhage, stroke, thrombocytopenia, allergic reactions, immunogenicity, and hypotension, which are also listed in the drug's prescribing information. Additionally, some previously unmentioned adverse reactions were identified, including acute myocardial infarction, cardiac arrest, nausea, hemorrhagic pancreatitis, chills, dyspnea, and vascular pseudoaneurysm. The study also highlighted the importance of early detection of adverse reactions to Eptifibatide. This research provides insights into both known and potential adverse reactions associated with Eptifibatide in real-world clinical use, offering additional safety information for clinicians when prescribing Eptifibatide for ARDS treatment."
pmid-41808219_c0,Infective endocarditis in an adult male patient with tetralogy of Fallot physiology secondary to double outlet right ventricle presenting with stroke: a complex presentation with multiorgan dysfunction-a case report.,2026,Journal of medical case reports,general,pmid-41808219,"Infective endocarditis presents unique challenges, particularly in individuals with congenital heart diseases, such as this case, where the patient had tetralogy of Fallot physiology secondary to double outlet right ventricle, and Fanconi anemia. This case describes how the combination of multiple factors necessitated multidisciplinary management. A 45-year-old South Asian male patient with a known history of tetralogy of Fallot physiology secondary to double outlet right ventricle presented to our emergency department with fatigue, fever, and neurological deficits suggestive of an embolic stroke. Transthoracic echocardiography revealed severe pulmonary stenosis and a significant subaortic ventricular septal defect with vegetations, indicative of infective endocarditis. Magnetic resonance imaging of the brain demonstrated multiple infarcts, suggestive of an embolic event. Blood cultures grew Streptococcus mitis. The patient was admitted to the intensive care unit and treated with aggressive antibiotic therapy. However, his clinical course was complicated by disseminated intravascular coagulation and acute kidney injury, requiring hemodialysis and transfusion support. Despite interventions, his condition deteriorated further. Genetic consultation indicated Fanconi anemia, adding complexity to his clinical management. This case is remarkable because the patient survived up into adulthood with double outlet right ventricle and tetralogy of Fallot physiology without prior corrective surgery, which is a rare occurrence. The embolic stroke, likely resulting from a septic embolus, and the presence of Fanconi anemia further complicated the clinical scenario. Despite aggressive treatment, the patient's progression to refractory sepsis and disseminated intravascular coagulation ultimately resulted in cardiac arrest. This case underscores the importance of early recognition, multidisciplinary collaboration, and tailored therapeutic strategies in managing complex congenital heart diseases with infective endocarditis and other comorbidities."
pmid-41802290_c0,"Septic embolus resulting in M1 occlusion with separate, multiple distal mycotic aneurysms, complicated by surrounding concurrent cerebral abscess: illustrative case.",2026,Journal of neurosurgery. Case lessons,general,pmid-41802290,"Intracranial mycotic aneurysms are rare, representing only 0.7%-5.4% of all intracranial aneurysms, and typically arise from septic emboli secondary to infective endocarditis. Large-vessel occlusion due to a septic embolus is exceedingly uncommon and carries high morbidity. A 29-year-old man with methicillin-resistant Staphylococcus aureus endocarditis and intravenous drug use presented with intracerebral and subarachnoid hemorrhage. CT angiography revealed a left parieto-occipital hematoma with midline shift. An emergency craniotomy for hematoma evacuation exposed a ruptured distal middle cerebral artery (MCA) mycotic aneurysm, which was clipped, and pathological analysis confirmed abscess formation within the aneurysm wall. Despite antibiotic therapy, a new distal MCA aneurysm developed within an abscess cavity. Cerebral angiography later demonstrated M1 occlusion requiring mechanical thrombectomy, achieving partial reperfusion consistent with Thrombolysis in Cerebral Infarction grade 2a. The persistent abscess and aneurysm required Onyx embolization and abscess drainage in a hybrid operating room. Sequential mycotic aneurysms with concurrent large-vessel occlusion and abscess formation represent a rare and aggressive manifestation of septic emboli. Successful management depends on coordinated microsurgical clipping, endovascular embolization, thrombectomy, and abscess evacuation. Early recognition of evolving vascular pathology and combined surgical-endovascular approaches improve outcomes in infective mycotic aneurysm-related cerebrovascular disease. https://thejns.org/doi/10.3171/CASE25902."
pmid-41798599_c0,Unexpected twist: large marginal branch occlusion of the left circumflex artery unveiled by immediate and pivotal cardiac magnetic resonance imaging in a 19-year-old with suspected myocarditis-a case report.,2026,European heart journal. Case reports,general,pmid-41798599,"Myocarditis and myocardial infarction in young patients can present with overlapping symptoms, posing a diagnostic challenge. Advanced cardiac imaging, particularly cardiac magnetic resonance imaging (MRI), plays a pivotal role in distinguishing between these entities. A 19-year-old male presented with a 5-week history of fever, general weakness, and new atypical chest pain, raising the suspicion of myocarditis. Immediate cardiac MRI revealed signs of lateral wall ischaemia. Coronary angiography confirmed an occlusion of a large marginal branch of the left circumflex artery. Pathological analysis of the retrieved thrombus indicated a septic embolism, and further investigations confirmed endocarditis due to Streptococcus mitis. This case highlights the essential role of early cardiac MRI in guiding clinical decision-making, particularly in young patients with non-specific symptoms. Although rare, endocarditis-related septic embolism must be considered in the differential diagnosis of acute myocardial infarction in this population."
pmid-41798473_c0,Left Ventricular Apical Intracardiac Mass With Embolic Stroke During Aggregatibacter segnis Bacteremia Following Acute Cholangitis: A Case Report.,2026,Cureus,general,pmid-41798473,"An elderly woman with cholangiocarcinoma and a metallic biliary stent presented with fever and anorexia and was initially treated for acute cholangitis with biliary drainage and intravenous ampicillin/sulbactam. Two sets of blood cultures grew Aggregatibacter segnis (A. segnis) identified by matrix-assisted laser desorption/ionization-time-of-flight (MALDI-TOF) mass spectrometry, prompting evaluation for infective endocarditis (IE). Transthoracic echocardiography (TTE) showed no vegetation but revealed apical hypokinesis suggestive of Takotsubo cardiomyopathy. Despite antimicrobial therapy, fever persisted, and repeat TTE on hospital day 13 demonstrated a newly developed, highly mobile, irregular mass measuring 14 × 7 mm at the left ventricular apex. On hospital day 15, the patient developed aphasia and right-sided hemiparesis, and brain magnetic resonance imaging revealed extensive acute cerebral infarction involving the left hemisphere. Follow-up TTE performed immediately after the neurological event showed the complete disappearance of the apical mass, suggesting embolization. This case highlights the importance of careful echocardiographic follow-up in patients with A. segnis bacteremia, even when initial imaging is unremarkable, particularly in the presence of apical wall-motion abnormalities that may alter intracardiac flow."
pmid-41783331_c0,Aortic Arch Mural Thrombus Concurrent with Deep Surgical-Site Infection after Colorectal Cancer Surgery in an Enhanced Recovery after Surgery Program: A Case Report.,2026,Surgical case reports,general,pmid-41783331,"Aortic mural thrombus (AMT) in a non-atherosclerotic aorta is rare but potentially catastrophic and may be difficult to distinguish from septic aortic pathology when it occurs alongside a deep postoperative infection. Enhanced recovery after surgery (ERAS) shortens hospital stay and shifts the recognition of serious complications to the early post-discharge period. We report the case of a patient who underwent colorectal cancer surgery within an ERAS protocol who developed a large AMT on POD 10, coincident with Streptococcus anginosus-positive deep surgical-site infection (SSI) but without bacteremia or aortitis on imaging. A 76-year-old male with stage IVc cecal adenocarcinoma and diabetes underwent robotic-assisted ileocecal resection via the ERAS pathway. Prophylactic cefmetazole was discontinued within 24 h, and the patient was discharged on POD 5 with down-trending but elevated C-reactive protein levels. On POD 10, the patient presented with fever, leukocytosis, and decreased mobility. Contrast-enhanced CT revealed a ~38-mm AMT without mural thickening, abnormal enhancement, periaortic fat stranding, aneurysmal dilatation, or complex atherosclerotic plaque, in addition to deep port-site infection and intra-abdominal abscesses. Blood cultures (two sets) remained negative, whereas abscess and wound cultures yielded S. anginosus with polymicrobial co-pathogens. The patient underwent surgical washout and drainage, broad-spectrum antibiotics (piperacillin-tazobactam, followed by ceftriaxone and metronidazole), and systemic anticoagulation with unfractionated heparin. Transesophageal echocardiography showed a mural arch mass corresponding to the CT lesion, but no definite valvular vegetation or new significant regurgitation. On POD 16, the patient developed acute left common-internal carotid occlusion with a large middle cerebral artery infarction and died on POD 20 of septic shock and disseminated intravascular coagulation. In this patient who underwent ERAS colorectal cancer surgery, AMT developed around POD 10 in parallel with SAG-positive deep SSI, but without aortitis or bacteremia, favoring a bland mural thrombus driven by malignancy- and sepsis-related hypercoagulability while retaining nonbacterial thrombotic endocarditis/infective endocarditis in the differential diagnosis. The case highlights PODs 7-10 as a vulnerable window in ERAS pathways and supports a focused safety bundle that includes CRP-guided discharge thresholds, selective low-dose imaging, and POD 7 ± 1 follow-up to improve early post-discharge surveillance."
pmid-41783221_c0,Delayed brain abscess formation after mechanical thrombectomy for probable septic cerebral embolism: A case report and literature review.,2026,Surgical neurology international,general,pmid-41783221,"Septic cerebral embolisms (SCE) are serious neurological complications of sepsis. An embolic occlusion due to infected thrombi can precipitate ischemic stroke and a spectrum of secondary pathologies, including intracerebral hemorrhages, mycotic aneurysms, meningitis, and brain abscesses, which are a major complication of SCE. However, delayed abscess formation following cerebral infarction is rarely encountered, and the underlying mechanisms remain poorly understood. Here, we present a rare case of SCE in a patient who underwent a mechanical thrombectomy (MT) for large-vessel occlusion and developed delayed abscess formation following cerebral infarction. A 46-year-old man with a history of aortic stent graft implantation presented with sudden impairment of consciousness and right hemiparesis. Neuroradiological imaging revealed a left middle cerebral artery territory infarction due to occlusion of the left internal carotid artery. We performed emergency MT and achieved partial reperfusion. Histopathological evaluation of the retrieved thrombi revealed the presence of bacterial aggregates, confirming the diagnosis of SCE. Despite initial empiric antibiotic therapy, the patient developed a delayed brain abscess in the infarcted territory during the subacute phase. This unexpected course required further therapeutic intervention, including neurosurgical procedures and subsequent antibiotic therapy. This case highlights both the diagnostic value of retrieved thrombi in SCE and the potential for delayed abscess formation after recanalization therapy using MT. In addition, this finding suggests the importance of ongoing vigilance for delayed brain abscess formation following SCE. In a severe clinical condition of sepsis, early diagnosis and tailored interventions are essential to improve outcomes."
pmid-41783219_c0,Computed tomography perfusion-guided mechanical thrombectomy and histopathological analysis of a fibrin-rich septic embolus in infective endocarditis-related internal carotid artery occlusion.,2026,Surgical neurology international,general,pmid-41783219,"Infective endocarditis (IE) could cause cerebral infarction through septic embolization, presenting challenges in both diagnosis and treatment. Because intravenous thrombolysis is contraindicated in suspected IE-related stroke, careful evaluation of cerebral perfusion and infarct extent is crucial for selecting appropriate therapy. A 45-year-old woman was admitted to the emergency department with fever and disturbance of consciousness. Imaging revealed a cerebral infarction due to right internal carotid artery (ICA) occlusion. Echocardiography demonstrated a vegetation on the mitral valve, suggesting IE as the embolic source. As the onset time was unclear and no diffusion-weighted image-fluid-attenuated inversion recovery mismatch was observed, intravenous alteplase was considered inappropriate. Although the neurological deficit was mild, computed tomography perfusion (CTP) imaging showed extensive hypoperfusion in the right ICA-middle cerebral artery territory with a limited infarct core. Mechanical thrombectomy was therefore performed. The procedure was technically challenging, requiring a switch from aspiration thrombectomy to a combined stent retriever technique, ultimately achieving successful recanalization (thrombolysis in cerebral infarction grade 2b). Histopathological examination of the retrieved thrombus revealed fibrin-rich material containing bacterial colonies, and blood cultures were positive for Staphylococcus aureus. Subsequently, the mitral vegetation enlarged, necessitating urgent mitral valve replacement. This case illustrates the usefulness of CTP imaging in guiding treatment decisions for low National Institutes of Health Stroke Scale large-vessel occlusion associated with IE. It also emphasizes that histopathological examination of retrieved thrombi could provide valuable insights into the underlying infectious etiology and inform subsequent management strategies."
pmid-41743763_c0,Coronary features in septic patients with elevated cardiac troponin.,2025,Postepy w kardiologii interwencyjnej = Advances in interventional cardiology,general,pmid-41743763,"Cardiac troponin, which is frequently elevated in septic patients, represents a diagnostic challenge in everyday clinical practice. To investigate coronary features in septic patients with elevated cardiac troponin I (cTnI) and mechanisms of myocardial infarction. A single-center retrospective observational study was conducted in consecutive cTnI-positive septic patients undergoing coronary angiography during index hospitalization. From January 2012 to December 2022, 74 patients with peak cTnI 16647 ng/l (normal < 40 ng/l), peak C-reactive protein 234 mg/l (normal < 5 mg/l), peak procalcitonin 14 µg/l (normal < 0.20 µg/l), arterial lactate 5.1 mmol/l (normal < 2.0 mmol/l), and positive hemocultures in 39% were enrolled. Obstructive coronary disease (> 70% diameter stenosis) was documented in 65%, with multivessel involvement in 51%. Chronic total occlusion (CTO) was present in 35%, and > 50% unprotected left main (ULM) stenosis in 22%. Definite or possible acute culprit lesions were documented in 9.5% and 6.8%, respectively. The median SYNTAX (Synergy between Percutaneous Coronary Intervention with Taxus and Cardiac Surgery) score was 16 (25th and 75th IQR 0-34). Peak cTnI was significantly elevated in patients with a definite acute culprit lesion (67,659 ng/l) compared to a possible (18,422 ng/l; p = 0.030) or no acute culprit lesion (13,410 ng/l; p = 0.021). Only a weak, non-linear correlation between SYNTAX score and peak cTnI was documented (r 2 = 0.088; p = 0.006). Two-thirds of septic patients with elevated cTnI have obstructive coronary disease, with multivessel involvement in around 50%, significant ULM stenosis in 20%, and CTO in 40%. An acute culprit lesion, which is present in up to 10%, is associated with significantly elevated cTnI compared to patients with stable coronary disease."
pmid-41716451_c0,Venous Thromboembolism in Pediatric Musculoskeletal Infections: Diagnostic Challenges in a Resource-Limited Setting.,2026,Clinical case reports,general,pmid-41716451,"Venous thromboembolism is a recognized but often underdiagnosed complication of pediatric musculoskeletal infections, particularly in low-resource settings where access to Doppler ultrasonography, magnetic resonance imaging, and computed tomography pulmonary angiography (CTPA) remains limited. We describe two previously healthy children who developed deep vein thrombosis with pulmonary embolism secondary to acute musculoskeletal infection. Both presented initially with fever, severe limb pain, and rapidly progressive swelling, followed by the onset of tachypnoea and respiratory compromise. Doppler ultrasonography confirmed lower-limb deep vein thrombosis in both cases, while computed tomography pulmonary angiography in one child demonstrated bilateral pulmonary emboli with pulmonary infarction. In the second child, pulmonary embolism was diagnosed based on clinical deterioration and characteristic chest radiographic findings in the absence of available computed tomography. Both children were managed successfully with intravenous antibiotics, therapeutic anticoagulation, and surgical drainage where indicated, although one required mechanical ventilation in the pediatric intensive care unit. These cases highlight the diagnostic challenges of venous thromboembolism complicating musculoskeletal infection in resource-limited settings and emphasize the importance of maintaining a high index of suspicion when limb swelling worsens or respiratory symptoms develop. Bedside Doppler ultrasonography and timely referral remain essential tools for reducing morbidity when advanced imaging is inaccessible."
pmid-41709572_c0,The risk of cardiovascular events following community-acquired sepsis: a nationwide cohort study in Sweden.,2026,Epidemiology and infection,general,pmid-41709572,"In this nationwide cohort study, we assessed the long-term risk of major cardiovascular events following intensive care unit (ICU) treatment for community-acquired sepsis and septic shock, compared to the general population. We included 20313 adults admitted to Swedish ICUs between 2008 and 2019, identified through national healthcare registries, and matched each case to 20 randomly selected population controls. Entropy balancing adjusted for baseline co-morbidities, healthcare utilization, and socio-demographics. The association between sepsis and subsequent cardiovascular events (hospitalizations or deaths due to myocardial infarction, heart failure, or cerebral infarction) was analysed using Cox proportional hazards models. Sepsis was associated with increased cardiovascular risk, particularly during the first year (days 0-30 adjusted hazard ratio [aHR] 6.1 (95% CI 4.7-7.9); days 31-90; aHR 2.4 (95% CI 1.8-3.2); days 91-365 aHR 1.4 (95% CI 1.2-1.6)), with risk persisting through years 2-5 (aHRs 1.1-1.3). Heart failure risk remained elevated across all intervals, while risks of myocardial and cerebral infarction were mainly short term. The highest relative risks were observed in patients without prior heart disease or with low baseline cardiovascular risk. These findings suggest that sepsis might be an independent and under-recognized driver of long-term cardiovascular disease, highlighting the need for preventive strategies."
pmid-41669969_c0,Cardiogenic Shock Detection Using Electronic Medical Records: A Review and Blueprint for Clinical Implementation and Future Research.,2026,Journal of the American Heart Association,general,pmid-41669969,"Despite advances in drug and device technology, health care delivery, and research infrastructure, cardiogenic shock (CS) continues to have nearly 50% in-hospital mortality. In patients with CS, both the initial severity of Society for Cardiovascular Angiography and Intervention CS and its subsequent trajectory predicts the clinical outcomes. Accordingly, delayed initial recognition and failure to escalate or deescalate treatment can significantly affect the outcomes of CS. Traditional assessment methods, with the exception of blood pressure measurement, require a high index of suspicion and frequent reassessment by the clinical team. Electronic medical record-based detection has been successfully implemented in acute and critical care patients with septic shock and acute kidney injury. In CS, electronic medical record-based studies have largely focused on using models to predict outcomes in patients with CS, with limited data on electronic medical record-based tools to assist with either predicting CS or providing real time alerts when escalation or de-escalation might be indicated. Early detection of CS may be associated with detection of earlier Society for Cardiovascular Angiography and Intervention stages of CS and potentially prevent deterioration to higher stages. In this review, we seek to highlight a blueprint for electronic medical record-based detection of CS that focuses on reproducibility, convenience, clinical decision support, and research aspects."
